wdt	wds	hpt	hps
33.004440924053	1.30193476899784	40.6833597790418	3.36979171215785
